stage,epoch,loss,accuracy,accuracy_top5,learning_rate,epoch_time
train,1,28.027503952383995,9.710743801652892,46.900826446280995,0.003420420650866456,106.38026595115662
train,1,25.12830349802971,11.15702479338843,48.14049586776859,0.003420420650866456,108.15668296813965
